{
  "Torricelle (GPRS)": [
    43.7577485,
    11.1630161
  ],
  "Monte Pisano Nord (RADIO)": [
    43.7597703,
    10.4502867
  ],
  "Firenze Orto Botanico (RADIO)": [
    43.7792262,
    11.2613011
  ],
  "Monteboro (RADIO)": [
    43.6946048,
    10.9181951
  ],
  "Prato Universita (GPRS)": [
    43.880254,
    11.099193
  ],
  "Prato Università (GPRS)": [
    43.880254,
    11.099193
  ],
  "Firenze Giardino di Boboli (RADIO)": [
    43.7632781,
    11.2498992
  ],
  "Ponte SR439 9 (GPRS)": [
    43.6539869,
    10.6415602
  ],
  "Castiglion Fibocchi (RADIO)": [
    43.5279646,
    11.7631758
  ],
  "Borgo S. Lorenzo (GPRS)": [
    43.954248,
    11.3864681
  ],
  "Monte Oliveto (GPRS)": [
    43.1751596,
    11.5440101
  ],
  "Artimino (RADIO)": [
    43.7827371,
    11.0357841
  ],
  "Casa Rota (RADIO)": [
    43.7287864,
    10.502928
  ],
  "Montespertoli (GPRS)": [
    43.6467537,
    11.0669289
  ],
  "Remole (GPRS)": [
    43.7971496,
    11.4000833
  ],
  "Stiacciole (RADIO)": [
    42.7804004,
    11.1778449
  ],
  "Ortignano (RADIO)": [
    43.6799414,
    11.7469792
  ],
  "Orto di Donna (GPRS)": [
    44.1211235,
    10.2008795
  ],
  "Camporgiano (GPRS)": [
    44.1580565,
    10.3351514
  ],
  "Gaiole in Chianti (RADIO)": [
    43.4682951,
    11.4342003
  ],
  "Badia Agnano (GPRS)": [
    43.4363251,
    11.6476077
  ],
  "Montopoli (RADIO)": [
    43.6702986,
    10.7608316
  ],
  "Villafranca (RADIO)": [
    44.2946703,
    9.9496556
  ],
  "Licciana Nardi (GPRS)": [
    44.2648672,
    10.0381722
  ],
  "Equi Terme (RADIO)": [
    44.168239,
    10.152565
  ],
  "Pontremoli depuratore (RADIO)": [
    44.3771813,
    9.8829911
  ],
  "Barga (RADIO)": [
    44.0739178,
    10.484263
  ],
  "Palazzo del Pero 1 (GPRS)": [
    43.4217013,
    11.9757275
  ],
  "Campagrina (GPRS)": [
    44.0595635,
    10.2559862
  ],
  "Firenze Università (GPRS)": [
    43.7783667,
    11.2600543
  ],
  "S. Giusto (GPRS)": [
    43.7050509,
    10.39908
  ],
  "Siena Poggio al Vento (RADIO)": [
    43.1672059,
    11.467561
  ],
  "Pelago (RADIO)": [
    43.7718235,
    11.5046302
  ],
  "La Ferruccia (RADIO)": [
    43.8816104,
    10.9985356
  ],
  "Ponsano (RADIO)": [
    43.3646553,
    10.989227
  ],
  "Castelnuovo B.ga (RADIO)": [
    43.3455237,
    11.5018883
  ],
  "Cerreto Guidi (GPRS)": [
    43.7580104,
    10.8596148
  ],
  "Cortona (GPRS)": [
    43.2752976,
    11.9850623
  ],
  "Volterra Balze (RADIO)": [
    43.400337,
    10.860019
  ],
  "Braccagni (RADIO)": [
    42.8736579,
    11.0736302
  ],
  "Montenero (RADIO)": [
    43.384856,
    11.2821838
  ],
  "Buonconvento (RADIO)": [
    43.1381881,
    11.482096
  ],
  "Castel del Piano (GPRS)": [
    42.8932352,
    11.5383804
  ],
  "Pitigliano (RADIO)": [
    42.634827,
    11.673549
  ],
  "Usi (RADIO)": [
    42.7228089,
    11.4627486
  ],
  "Rispescia (RADIO)": [
    42.7069737,
    11.1349793
  ],
  "S. Donato (RADIO)": [
    42.9512998,
    10.8408165
  ],
  "Ponte Tura (RADIO)": [
    42.7645577,
    11.1655381
  ],
  "Donoratico (RADIO)": [
    43.1680324,
    10.5664095
  ],
  "Semproniano (RADIO)": [
    42.7306583,
    11.5403457
  ],
  "Campiglia Marittima (GPRS)": [
    43.0401668,
    10.603649
  ],
  "Caldana (GPRS)": [
    42.8948497,
    10.9268329
  ],
  "Casotto dei Pescatori (RADIO)": [
    42.7627186,
    11.0164323
  ],
  "Massa Marittima Valpiana (RADIO)": [
    43.0139284,
    10.8729203
  ],
  "Suvereto (RADIO)": [
    43.079015,
    10.6786806
  ],
  "Corbolone (GPRS)": [
    43.5518904,
    10.4061306
  ],
  "Mensano (GPRS)": [
    43.3009594,
    11.0548528
  ],
  "Cecina (RADIO)": [
    43.3113449,
    10.5173443
  ],
  "Bibbona (RADIO)": [
    43.2697843,
    10.5972697
  ],
  "Roccatederighi (RADIO)": [
    43.0283143,
    11.0815144
  ],
  "Rigomagno (GPRS)": [
    43.262155,
    11.6965032
  ],
  "Capraia Isola (RADIO)": [
    43.0374371,
    9.8225555
  ],
  "Scorgiano (RADIO)": [
    43.3521445,
    11.15867
  ],
  "Legoli (RADIO)": [
    43.5725208,
    10.7968643
  ],
  "Castelfiorentino (GPRS)": [
    43.6056068,
    10.9712484
  ],
  "Gabbro (GPRS)": [
    43.4826444,
    10.4406876
  ],
  "Manciano (GPRS)": [
    42.5872822,
    11.5157197
  ],
  "Casciana Terme (GPRS)": [
    43.527338,
    10.618212
  ],
  "Sambuca (RADIO)": [
    43.5674009,
    11.2172687
  ],
  "Baccinello (RADIO)": [
    42.7906569,
    11.3640624
  ],
  "Montepulciano  (RADIO)": [
    43.0945279,
    11.7826795
  ],
  "Piancastagnaio (RADIO)": [
    42.8493805,
    11.6919119
  ],
  "Monte S. Savino (RADIO)": [
    43.3434908,
    11.6993695
  ],
  "Follonica (RADIO)": [
    42.926326,
    10.761625
  ],
  "Orentano (GPRS)": [
    43.7796506,
    10.6583892
  ],
  "Ottavo (RADIO)": [
    43.3705787,
    11.8852787
  ],
  "Zoo di Poppi (RADIO)": [
    43.7327065,
    11.779779
  ],
  "Montecristo (RADIO)": [
    42.3321701,
    10.3092834
  ],
  "Giglio Porto (GPRS)": [
    42.3571574,
    10.9224837
  ],
  "Orbetello (RADIO)": [
    42.4380944,
    11.2107429
  ],
  "Giglio Castello (GPRS)": [
    42.3665063,
    10.9002704
  ],
  "Vara (RADIO)": [
    44.2510049,
    9.681995
  ],
  "Sassetta (RADIO)": [
    43.1289914,
    10.6439077
  ],
  "Argentario (RADIO)": [
    42.407352,
    11.1503838
  ],
  "Libbiano (GPRS)": [
    43.281961,
    10.807726
  ],
  "Anqua (RADIO)": [
    43.2134542,
    10.9855307
  ],
  "Canneto 9 (GPRS)": [
    43.9100439,
    11.1230319
  ],
  "Valle Benedetta (RADIO)": [
    43.5218468,
    10.4079566
  ],
  "Scansano (GPRS)": [
    42.6883687,
    11.335453
  ],
  "Sassa (RADIO)": [
    43.2600483,
    10.6924569
  ],
  "Gorgona (RADIO)": [
    43.4280666,
    9.8943995
  ],
  "Gerfalco 9 (GPRS)": [
    43.1462238,
    10.9780024
  ],
  "Ripa d'Orcia (RADIO)": [
    43.0177681,
    11.5845146
  ],
  "S. Marcello Pistoiese (GPRS)": [
    44.0560002,
    10.7897311
  ],
  "Piazza al Serchio (RADIO)": [
    44.183484,
    10.3009238
  ],
  "Capalbio (RADIO)": [
    42.4548792,
    11.4195148
  ],
  "Montespertoli (RADIO)": [
    43.6467537,
    11.0669289
  ],
  "Parrana S. Martino (GPRS)": [
    43.5369527,
    10.4416078
  ],
  "Monte Oliveto (RADIO)": [
    43.1751596,
    11.5440101
  ],
  "Castelmartini (GPRS)": [
    43.8231159,
    10.8404124
  ],
  "Pietra Piccata (GPRS)": [
    44.3384705,
    9.8385863
  ],
  "Alberese (RADIO)": [
    42.669208,
    11.1057807
  ],
  "Terricciola (RADIO)": [
    43.524738,
    10.680114
  ],
  "Castellina in Chianti (GPRS)": [
    43.4691786,
    11.2872857
  ],
  "S. Pietro a Marcigliano (RADIO)": [
    43.9055288,
    10.6060088
  ],
  "Strettoia 1 (GPRS)": [
    43.9960994,
    10.1979386
  ],
  "Certaldo (GPRS)": [
    43.5477043,
    11.0409545
  ],
  "Lucca (Orto Botanico) (GPRS)": [
    43.8408673,
    10.5103934
  ],
  "Montecarlo (RADIO)": [
    43.8511862,
    10.6676214
  ],
  "Pescia (GPRS)": [
    43.90171,
    10.6897811
  ],
  "Santomato (RADIO)": [
    43.938368,
    10.9915097
  ],
  "Capannoli (GPRS)": [
    43.5867314,
    10.6744566
  ],
  "Collesalvetti (RADIO)": [
    43.588912,
    10.476264
  ],
  "Castagneto Carducci (RADIO)": [
    43.1607424,
    10.6110056
  ],
  "Pieve di Compito (RADIO)": [
    43.7807774,
    10.5793825
  ],
  "Siberia (RADIO)": [
    43.5830942,
    10.5535738
  ],
  "Capannori (RADIO)": [
    43.8420391,
    10.5735254
  ],
  "Empoli (GPRS)": [
    43.7194884,
    10.9458556
  ],
  "Poggio Aglione (GPRS)": [
    43.5304515,
    10.9227017
  ],
  "S. Gimignano (GPRS)": [
    43.4677993,
    11.0432115
  ],
  "Riparbella (RADIO)": [
    43.3646248,
    10.5995286
  ],
  "Avenza (GPRS)": [
    44.0470099,
    10.0622156
  ],
  "S. Vincenzo porto (GPRS)": [
    42.766416,
    10.3969273
  ],
  "Lamole (RADIO)": [
    43.549568,
    11.3555609
  ],
  "Quercianella (RADIO)": [
    43.4588657,
    10.3675122
  ],
  "Forte dei Marmi (RADIO)": [
    43.9595891,
    10.1699392
  ],
  "Barberino (RADIO)": [
    44.0262296,
    11.2438132
  ],